"Colt"	"Add c=a+b"	false	3
3	20
2.9342374814862948E7	"null"
2.9227510882232826E7	"null"
2.962072613950189E7	"null"
2.926496194594381E7	"null"
2.951067773975377E7	"null"
2.933303648749E7	"null"
2.9488588973501887E7	"null"
2.9714628176538933E7	"null"
2.9402918196558878E7	"null"
2.9311154877795912E7	"null"
2.911905432744419E7	"null"
2.9227634997348484E7	"null"
2.8424316443447437E7	"null"
2.969273073834739E7	"null"
2.93773552984197E7	"null"
2.922203374213791E7	"null"
2.918893374912849E7	"null"
2.9479404398001645E7	"null"
2.9283352620869942E7	"null"
2.957458344807434E7	"null"
4	-1
5	-1
