"Colt"	"Mult c=a*b"	false	3
3	20
9034395.53590139	"null"
8843736.499388516	"null"
9058013.022732425	"null"
9018736.734853048	"null"
8942147.506605921	"null"
9098752.08663328	"null"
9226786.29556604	"null"
9115375.179431923	"null"
9301821.034141669	"null"
9257404.307466112	"null"
9066194.36319038	"null"
9030338.20377222	"null"
9100463.471355777	"null"
8899866.606598344	"null"
8813788.272468317	"null"
9135050.523608305	"null"
9125629.974656163	"null"
9278983.764678847	"null"
9166631.651392762	"null"
9211281.820075847	"null"
4	-1
5	-1
