"Colt"	"Mult c=a*b^T"	false	3
3	15
9094840.294302512	"null"
1.0364600723976495E7	"null"
1.0311503630637968E7	"null"
1.0344623703557556E7	"null"
1.0586269721417652E7	"null"
8809801.887996085	"null"
1.0276163350865636E7	"null"
1.0479155385641936E7	"null"
1.0243871022400498E7	"null"
1.024569506705527E7	"null"
8935143.323073301	"null"
1.0130078538799454E7	"null"
1.0148244023468675E7	"null"
1.0393056237356342E7	"null"
1.0545637649268042E7	"null"
4	-1
5	-1
