"Colt"	"Solve m=n"	false	3
3	15
1481769.400700707	"null"
1422491.5968430243	"null"
1398063.3065119828	"null"
1517177.4398627728	"null"
1509418.2505798524	"null"
1479176.6225888843	"null"
1481173.7826502735	"null"
1534085.1066914918	"null"
1504443.7790362418	"null"
1489866.1562828247	"null"
1572491.46729593	"null"
1458625.5237784274	"null"
1534781.5259860968	"null"
1532874.7704522242	"null"
1523680.6033458766	"null"
4	-1
5	-1
