"Colt"	"Solve m>n"	false	3
3	5
1041745.1396545296	"null"
1049627.334866625	"null"
1044777.808081552	"null"
1047010.5755505991	"null"
1052047.8718772149	"null"
4	-1
5	-1
