"Colt"	"Mult c=a*b^T"	false	1
5	5
3674328.6297246823	"null"
4173191.453687433	"null"
4176290.4741985216	"null"
4142572.885097232	"null"
3436694.31643965	"null"
