"Colt"	"Solve m=n"	false	1
5	10
686493.9166092555	"null"
712207.7873573453	"null"
692617.543650364	"null"
732686.3281214187	"null"
759357.237589178	"null"
695634.7683267382	"null"
702897.8087586333	"null"
732032.9098104562	"null"
694095.5861809144	"null"
690982.3306123709	"null"
