"Colt"	"SVD"	false	1
5	5
165946.57850105065	"null"
198663.68368941854	"null"
211995.32608057707	"null"
175219.89065046306	"null"
181830.13137595385	"null"
