"Colt"	"Invert b=inv(a)"	false	1
3	5
1275674.190499678	"null"
1214953.0069668104	"null"
1219575.1164998289	"null"
1292066.7376491383	"null"
1294170.8904776198	"null"
