"Colt"	"Mult c=a*b^T"	false	1
3	5
9825208.246548818	"null"
1.0383369840217505E7	"null"
1.0382210653143732E7	"null"
1.0422402926485505E7	"null"
1.0497093317988595E7	"null"
