"Colt"	"Solve m=n"	false	1
3	10
1483510.9140557994	"null"
1409323.2828423248	"null"
1407518.8941110831	"null"
1483327.4141552313	"null"
1483415.6826638381	"null"
1481660.6209863895	"null"
1486150.3268039413	"null"
1365659.556337254	"null"
1466771.0393398816	"null"
1470944.8943134653	"null"
