"Colt"	"SVD"	false	1
3	5
431520.8200094728	"null"
391812.2637172261	"null"
392043.63908039074	"null"
430615.2512313194	"null"
430692.1400983176	"null"
