"Colt"	"Mult c=a*b^T"	false	1
5	5
3821392.256754294	"null"
4144193.2124339784	"null"
4096442.4689535648	"null"
4285711.097285731	"null"
4208868.616053834	"null"
