"Colt"	"Solve m=n"	false	1
5	10
678268.120863713	"null"
706841.2112285626	"null"
694624.9640898845	"null"
684094.954398594	"null"
533186.9264717306	"null"
643240.2873568217	"null"
668300.7192370989	"null"
688665.6584185224	"null"
701936.7162020887	"null"
655197.4013770958	"null"
