"Colt"	"SVD"	false	1
5	5
164072.4393772988	"null"
195643.40013265255	"null"
210897.00332947422	"null"
174754.1547793946	"null"
184051.1883075188	"null"
