"Colt"	"Add c=a+b"	false	1
5	5
1.680796749292984E7	"null"
1.5289171907699604E7	"null"
1.6677746656266512E7	"null"
1.6553567322469275E7	"null"
1.6461121674012082E7	"null"
