"Colt"	"Determinant"	false	1
5	5
1232609.5885088858	"null"
1260753.0364482896	"null"
1240303.6206702623	"null"
1282549.124771128	"null"
1262169.0890524043	"null"
