"Colt"	"Eigen for Symm Matrices"	false	1
5	5
339519.3355215471	"null"
290490.40553077665	"null"
329480.37542095373	"null"
320358.77102062537	"null"
329881.1287414996	"null"
