"Colt"	"Mult c=a*b"	false	1
5	10
3974740.036282706	"null"
3963302.2430598624	"null"
3947429.7184355045	"null"
3969037.439822393	"null"
3967430.8571695127	"null"
3911068.316368275	"null"
4014488.241241448	"null"
3746789.0016715704	"null"
4094401.2716997983	"null"
3991945.3935119207	"null"
