"Colt"	"Mult c=a*b^T"	false	1
5	5
3832144.667306771	"null"
4027137.6632766332	"null"
4094825.125999437	"null"
4129113.491768983	"null"
4067186.6822428373	"null"
