"Colt"	"Scale b=alpha*a"	false	1
5	5
2.5550783039259218E7	"null"
2.6334425614485446E7	"null"
2.6599561226451527E7	"null"
2.669659455567837E7	"null"
2.6360125241377313E7	"null"
