"Colt"	"Solve m=n"	false	1
5	15
712534.894392034	"null"
725414.2463341656	"null"
708216.2460854757	"null"
739176.2372462336	"null"
748168.0665464441	"null"
683585.2351909971	"null"
694438.7160261053	"null"
736335.2484090616	"null"
705620.8344446805	"null"
680466.4245073773	"null"
700446.3789631022	"null"
693493.0122330063	"null"
676525.6197723626	"null"
668012.2953045405	"null"
698518.7423688063	"null"
