"Colt"	"SVD"	false	1
5	10
180068.03832915108	"null"
193191.09612580694	"null"
202902.51840068115	"null"
172876.9880095324	"null"
180305.52763679335	"null"
152615.09792645407	"null"
175041.1453471944	"null"
174623.3432573563	"null"
180511.6560337268	"null"
193981.760087116	"null"
